<?xml version="1.0" encoding="UTF-8"?>
<mule xmlns:validation="http://www.mulesoft.org/schema/mule/validation"
	xmlns:ee="http://www.mulesoft.org/schema/mule/ee/core" xmlns:db="http://www.mulesoft.org/schema/mule/db"
	xmlns:doc="http://www.mulesoft.org/schema/mule/documentation" xmlns="http://www.mulesoft.org/schema/mule/core"
	xmlns:apikit="http://www.mulesoft.org/schema/mule/mule-apikit"
	xmlns:http="http://www.mulesoft.org/schema/mule/http" xmlns:xsi="http://www.w3.org/2001/XMLSchema-instance"
	xsi:schemaLocation="http://www.mulesoft.org/schema/mule/core http://www.mulesoft.org/schema/mule/core/current/mule.xsd http://www.mulesoft.org/schema/mule/http http://www.mulesoft.org/schema/mule/http/current/mule-http.xsd http://www.mulesoft.org/schema/mule/mule-apikit http://www.mulesoft.org/schema/mule/mule-apikit/current/mule-apikit.xsd 
						http://www.mulesoft.org/schema/mule/db http://www.mulesoft.org/schema/mule/db/current/mule-db.xsd
						http://www.mulesoft.org/schema/mule/ee/core http://www.mulesoft.org/schema/mule/ee/core/current/mule-ee.xsd
						http://www.mulesoft.org/schema/mule/validation http://www.mulesoft.org/schema/mule/validation/current/mule-validation.xsd">
	<http:listener-config name="api-httpListenerConfig">
		<http:listener-connection host="0.0.0.0"
			port="8081" />
	</http:listener-config>
	<apikit:config name="api-config" raml="api.raml"
		outboundHeadersMapName="outboundHeaders" httpStatusVarName="httpStatus" />
	<http:listener-config name="HTTP_Listener_config"
		doc:name="HTTP Listener config" doc:id="7434a405-e9cd-4036-8bb0-11714263c478">
		<http:listener-connection host="localhost"
			port="8085" />
	</http:listener-config>
	<db:config name="MySqlDBConfig" doc:name="Database Config"
		doc:id="1d316923-47cb-4dfd-bd10-b7fc410ce296">
		<db:my-sql-connection host="127.0.0.1" port="3306"
			user="msUser" password="1234" database="mulesoftaccounts" />
	</db:config>
	<flow name="api-main">
		<http:listener config-ref="HTTP_Listener_config" path="/*">
			<http:response statusCode="#[vars.httpStatus default 200]">
			</http:response>
			<http:error-response statusCode="#[vars.httpStatus default 500]">
				<http:body><![CDATA[#[payload]]]></http:body>
			</http:error-response>
		</http:listener>
		<apikit:router config-ref="api-config" />
		<error-handler>
			<on-error-propagate type="APIKIT:BAD_REQUEST"
				enableNotifications="true" logException="true">
				<ee:transform xmlns:ee="http://www.mulesoft.org/schema/mule/ee/core"
					xsi:schemaLocation="http://www.mulesoft.org/schema/mule/ee/core http://www.mulesoft.org/schema/mule/ee/core/current/mule-ee.xsd"
					doc:id="8fdc23d0-b27a-4115-b0ea-7334089202e6">
					<ee:message>
						<ee:set-payload>
							<![CDATA[
								%dw 2.0
								output application/json
								---
								{message: "Bad request"}
							]]>
							</ee:set-payload>
					</ee:message>
					<ee:variables>
						<ee:set-variable variableName="httpStatus"><![CDATA[400]]></ee:set-variable>
					</ee:variables>
				</ee:transform>
			</on-error-propagate>
			<on-error-propagate type="APIKIT:NOT_FOUND">
				<ee:transform xmlns:ee="http://www.mulesoft.org/schema/mule/ee/core"
					xsi:schemaLocation="http://www.mulesoft.org/schema/mule/ee/core http://www.mulesoft.org/schema/mule/ee/core/current/mule-ee.xsd"
					doc:id="a5129d30-29d4-4e21-bef9-0684231f1d1a">
					<ee:message>
						<ee:set-payload>
							<![CDATA[
								%dw 2.0
								output application/json
								---
								{message: "Resource not found"}
							]]>
						</ee:set-payload>
					</ee:message>
					<ee:variables>
						<ee:set-variable variableName="httpStatus"><![CDATA[404]]></ee:set-variable>
					</ee:variables>
				</ee:transform>
			</on-error-propagate>
			<on-error-propagate type="APIKIT:METHOD_NOT_ALLOWED">
				<ee:transform xmlns:ee="http://www.mulesoft.org/schema/mule/ee/core"
					xsi:schemaLocation="http://www.mulesoft.org/schema/mule/ee/core http://www.mulesoft.org/schema/mule/ee/core/current/mule-ee.xsd"
					doc:id="73c17c7f-2ade-4503-9049-5f23537bc444">
					<ee:message>
						<ee:set-payload>
							<![CDATA[
								%dw 2.0
								output application/json
								---
								{message: "Method not allowed"}
							]]>
						</ee:set-payload>
					</ee:message>
					<ee:variables>
						<ee:set-variable variableName="httpStatus"><![CDATA[405]]></ee:set-variable>
					</ee:variables>
				</ee:transform>
			</on-error-propagate>
			<on-error-propagate type="APIKIT:NOT_ACCEPTABLE">
				<ee:transform xmlns:ee="http://www.mulesoft.org/schema/mule/ee/core"
					xsi:schemaLocation="http://www.mulesoft.org/schema/mule/ee/core http://www.mulesoft.org/schema/mule/ee/core/current/mule-ee.xsd"
					doc:id="ee90655d-9e59-46d8-b115-7e0f1211f870">
					<ee:message>
						<ee:set-payload>
							<![CDATA[
								%dw 2.0
								output application/json
								---
								{message: "Not acceptable"}
							]]>
						</ee:set-payload>
					</ee:message>
					<ee:variables>
						<ee:set-variable variableName="httpStatus"><![CDATA[406]]></ee:set-variable>
					</ee:variables>
				</ee:transform>
			</on-error-propagate>
			<on-error-propagate type="APIKIT:UNSUPPORTED_MEDIA_TYPE">
				<ee:transform xmlns:ee="http://www.mulesoft.org/schema/mule/ee/core"
					xsi:schemaLocation="http://www.mulesoft.org/schema/mule/ee/core http://www.mulesoft.org/schema/mule/ee/core/current/mule-ee.xsd">
					<ee:message>
						<ee:set-payload>
							<![CDATA[
								%dw 2.0
								output application/json
								---
								{message: "Unsupported media type"}
							]]>
						</ee:set-payload>
					</ee:message>
					<ee:variables>
						<ee:set-variable variableName="httpStatus">415
						</ee:set-variable>
					</ee:variables>
				</ee:transform>
			</on-error-propagate>
			<on-error-propagate type="APIKIT:NOT_IMPLEMENTED">
				<ee:transform xmlns:ee="http://www.mulesoft.org/schema/mule/ee/core"
					xsi:schemaLocation="http://www.mulesoft.org/schema/mule/ee/core http://www.mulesoft.org/schema/mule/ee/core/current/mule-ee.xsd"
					doc:id="3e982ba6-e504-4dae-b1c3-26f4f66c0708">
					<ee:message>
						<ee:set-payload>
							<![CDATA[
								%dw 2.0
								output application/json
								---
								{message: "Not Implemented"}
							]]>
						</ee:set-payload>
					</ee:message>
					<ee:variables>
						<ee:set-variable variableName="httpStatus"><![CDATA[501]]></ee:set-variable>
					</ee:variables>
				</ee:transform>
			</on-error-propagate>
		</error-handler>
	</flow>
	<flow name="api-console">
		<http:listener config-ref="api-httpListenerConfig" path="/console/*">
			<http:response statusCode="#[vars.httpStatus default 200]">
			</http:response>
			<http:error-response statusCode="#[vars.httpStatus default 500]">
				<http:body><![CDATA[#[payload]]]></http:body>
			</http:error-response>
		</http:listener>
		<apikit:console config-ref="api-config" />
		<error-handler>
			<on-error-propagate type="APIKIT:NOT_FOUND"
				enableNotifications="true" logException="true">
				<ee:transform xmlns:ee="http://www.mulesoft.org/schema/mule/ee/core"
					xsi:schemaLocation="http://www.mulesoft.org/schema/mule/ee/core http://www.mulesoft.org/schema/mule/ee/core/current/mule-ee.xsd"
					doc:id="9eb1daf9-af25-49f5-b266-10127162ea37">
					<ee:message>
						<ee:set-payload>
							<![CDATA[
								%dw 2.0
								output application/json
								---
								{message: "Resource not found"}
							]]>
						</ee:set-payload>
					</ee:message>
					<ee:variables>
						<ee:set-variable variableName="httpStatus"><![CDATA[404]]></ee:set-variable>
					</ee:variables>
				</ee:transform>
			</on-error-propagate>
		</error-handler>
	</flow>
	<flow name="get:\getUser\(username):api-config">
		<logger level="INFO" doc:name="getUserLoggerEntry"
			doc:id="e6e50586-ff88-4583-b101-173a90e92668" message="INIT Endpoint request " />
		<db:select doc:name="select user by userId" doc:id="628e3d0a-44d7-495e-ad26-74dd155e1ea2"
			config-ref="MySqlDBConfig">
			<db:sql>SELECT udets.username,udets.fullname,
				udets.gender,
				acc.date_registered,
				udets.birthday
				FROM `userdetails` udets
				inner Join
				account acc
				on udets.userId = acc.userId
				where acc.active = 1
				and
				acc.userId = :userId;</db:sql>
			<db:input-parameters><![CDATA[#[{'userId' : attributes.uriParams.username}]]]></db:input-parameters>
		</db:select>
		<logger level="DEBUG" doc:name="selToChoiceLogger"
			doc:id="a9793769-af27-40b3-aa57-53c5eb408c6b" message="Transfer select data to payload" />
		<choice doc:name="HttpResponseChoice" doc:id="31ec76e0-1dbd-49dc-a21b-3c68320ae448">
			<when expression="#[payload != []]">
				<ee:transform xmlns:ee="http://www.mulesoft.org/schema/mule/ee/core"
					xsi:schemaLocation="http://www.mulesoft.org/schema/mule/ee/core http://www.mulesoft.org/schema/mule/ee/core/current/mule-ee.xsd"
					doc:id="6d80028c-1395-4e72-b1f0-f53d1e13abd8" doc:name="getUserPayload">
					<ee:message>
						<ee:set-payload>
							<![CDATA[
								%dw 2.0

								output application/json
								 
								---
								
								payload map ( payload01 , indexOfPayload01 ) -> {
									username: payload01.username,
									fullname: payload01.FullName,
									age: now().year - payload01.birthday.year, //now.year - (payload01.birthday as :date).year),
									gender: if (payload01.gender == 'M') "Male" else "Female",
									dateRegistered: payload01.date_registered as Date {format: "yyyy-MM-dd"} as String {format: "dd-MM-yyyy"}
									
								}
							]]>
						</ee:set-payload>
						<ee:set-attributes>
							<![CDATA[
								%dw 2.0
								output application/java
								---
								{
								}
							]]>
						</ee:set-attributes>
					</ee:message>
				</ee:transform>
			</when>
			<otherwise>
				<ee:transform doc:name="emptyUserPayload"
					doc:id="07f2da45-7f07-4c51-86a1-94aec90e5b95">
					<ee:message>
						<ee:set-payload>
							<![CDATA[
								%dw 2.0
								output application/json
								---
								{
									message:"User not found",
									errorCode:404
								}
							]]>
						</ee:set-payload>
					</ee:message>
				</ee:transform>
			</otherwise>
		</choice>
		<logger level="INFO" doc:name="getUserLoggerExit"
			doc:id="2063f246-93c4-47ee-b420-f122cbceaf72" message="END response getUserPayload #[payload]" />
		<error-handler>
			<on-error-continue enableNotifications="true"
				logException="true" doc:name="getUser On Error Continue" doc:id="be3399b5-e87a-45e4-bd02-7722b00e33bb"
				type="ANY">
				<ee:transform doc:name="sysErrorPayload"
					doc:id="aacc6d69-c973-48ef-933d-ab1352f8b27d">
					<ee:message>
						<ee:set-payload>
							<![CDATA[
								%dw 2.0
								output application/json
								---
								{
									message:"system error",
									errorCode:500
								}
							]]>
						</ee:set-payload>
					</ee:message>
				</ee:transform>
			</on-error-continue>
		</error-handler>
	</flow>
	<flow name="get:\getUsers:api-config">
		<logger level="INFO" doc:name="getUsersLoggerEntry"
			doc:id="5d5f99ed-81ec-4f56-9be6-b8889ab56ce7" message="INIT Endpoint request " />
		<db:select doc:name="Select all users" doc:id="3aed3242-758f-4ca0-b169-9e23da553615"
			config-ref="MySqlDBConfig">
			<db:sql>SELECT udets.username,udets.fullname,
				udets.gender,
				acc.date_registered,
				udets.birthday
				FROM `userdetails` udets
				inner Join
				account acc
				on udets.userId = acc.userId
				where acc.active = 1</db:sql>
		</db:select>
		<logger level="DEBUG" doc:name="selToChoiceLogger"
			doc:id="d6816d4e-edcf-4159-9b5b-5954e5b8cb94" message="Transfer select data to payload" />
		<choice doc:name="HttpResponseChoice" doc:id="cd377c42-5ad2-4b3d-ade6-37df2c4c7ad5">
			<when expression="#[payload != []]">
				<ee:transform xmlns:ee="http://www.mulesoft.org/schema/mule/ee/core"
					xsi:schemaLocation="http://www.mulesoft.org/schema/mule/ee/core http://www.mulesoft.org/schema/mule/ee/core/current/mule-ee.xsd"
					doc:id="7ddf6c3f-b392-403b-b0fb-0a20d710fe23" doc:name="getUsersPayload">
					<ee:message>
						<ee:set-payload>
							<![CDATA[
								%dw 2.0

								output application/json
								---
								payload map ( payload01 , indexOfPayload01 ) -> {
									username: payload01.username,
									fullname: payload01.FullName,
									age: now().year - payload01.birthday.year, //now.year - (payload01.birthday as :date).year),
									gender: if (payload01.gender == 'M') "Male" else "Female",
									dateRegistered: payload01.date_registered as Date {format: "yyyy-MM-dd"} as String {format: "dd-MM-yyyy"}
	
								}
							]]>
						</ee:set-payload>
					</ee:message>
				</ee:transform>
			</when>
			<otherwise>
				<ee:transform doc:name="emptyUserPayload"
					doc:id="ccb766ac-6d1a-48d4-bb5a-95ff896653dc">
					<ee:message>
						<ee:set-payload>
							<![CDATA[
								%dw 2.0
								output application/json
								---
								{
									message:"System Error",
									errorCode:500
								}
							]]>
						</ee:set-payload>
					</ee:message>
				</ee:transform>
			</otherwise>
		</choice>
		<logger level="INFO" doc:name="getUsersLoggerExit"
			doc:id="86643bb3-770e-4505-be96-144e8c08777c" message="END response getUserPayload #[payload]"/>
		<error-handler>
			<on-error-continue enableNotifications="true"
				logException="true" doc:name="getUsers On Error Continue" doc:id="3d94edb5-c730-4755-b325-58a164034c76"
				type="ANY">
				<ee:transform doc:name="sysErrorPayload"
					doc:id="60a3439f-e35e-42ff-85ad-b8177d0c0f55">
					<ee:message>
						<ee:set-payload>
							<![CDATA[
								%dw 2.0
								output application/json
								---
								{
									message:"System Error",
									errorCode:500
								}
							]]>
						</ee:set-payload>
					</ee:message>
				</ee:transform>
			</on-error-continue>
		</error-handler>
	</flow>
</mule>
